Report Year,Geography,Notice of Adverse Benefit Determination (NOABD) Category,Notice of Adverse Benefit Determination (NOABD) Issued
FY2021,State,Denial Notice,8979
FY2021,State,Payment Denial Notice,9325
FY2021,State,Delivery System Notice,11808
FY2021,State,Modification Notice,364
FY2021,State,Termination Notice,25177
FY2021,State,Authorization Delay Notice,581
FY2021,State,Timely Access Notice,9850
FY2021,State,Financial Liability Notice,15
FY2021,State,Grievance and Appeal Timely Resolution Notice,191
FY2021,State,All,66290
FY2021,Alameda,Denial Notice,44
FY2021,Alameda,Payment Denial Notice,690
FY2021,Alameda,Delivery System Notice,818
FY2021,Alameda,Modification Notice,1
FY2021,Alameda,Termination Notice,426
FY2021,Alameda,Authorization Delay Notice,18
FY2021,Alameda,Timely Access Notice,74
FY2021,Alameda,Financial Liability Notice,0
FY2021,Alameda,Grievance and Appeal Timely Resolution Notice,0
FY2021,Alameda,All,2071
FY2021,Alpine,Denial Notice,3
FY2021,Alpine,Payment Denial Notice,0
FY2021,Alpine,Delivery System Notice,4
FY2021,Alpine,Modification Notice,1
FY2021,Alpine,Termination Notice,7
FY2021,Alpine,Authorization Delay Notice,0
FY2021,Alpine,Timely Access Notice,0
FY2021,Alpine,Financial Liability Notice,0
FY2021,Alpine,Grievance and Appeal Timely Resolution Notice,0
FY2021,Alpine,All,15
FY2021,Amador,Denial Notice,29
FY2021,Amador,Payment Denial Notice,1
FY2021,Amador,Delivery System Notice,0
FY2021,Amador,Modification Notice,0
FY2021,Amador,Termination Notice,0
FY2021,Amador,Authorization Delay Notice,0
FY2021,Amador,Timely Access Notice,5
FY2021,Amador,Financial Liability Notice,0
FY2021,Amador,Grievance and Appeal Timely Resolution Notice,3
FY2021,Amador,All,38
FY2021,Butte,Denial Notice,0
FY2021,Butte,Payment Denial Notice,0
FY2021,Butte,Delivery System Notice,496
FY2021,Butte,Modification Notice,0
FY2021,Butte,Termination Notice,247
FY2021,Butte,Authorization Delay Notice,0
FY2021,Butte,Timely Access Notice,16
FY2021,Butte,Financial Liability Notice,0
FY2021,Butte,Grievance and Appeal Timely Resolution Notice,0
FY2021,Butte,All,759
FY2021,Calaveras,Denial Notice,10
FY2021,Calaveras,Payment Denial Notice,0
FY2021,Calaveras,Delivery System Notice,0
FY2021,Calaveras,Modification Notice,0
FY2021,Calaveras,Termination Notice,212
FY2021,Calaveras,Authorization Delay Notice,0
FY2021,Calaveras,Timely Access Notice,0
FY2021,Calaveras,Financial Liability Notice,0
FY2021,Calaveras,Grievance and Appeal Timely Resolution Notice,0
FY2021,Calaveras,All,222
FY2021,Colusa,Denial Notice,16
FY2021,Colusa,Payment Denial Notice,0
FY2021,Colusa,Delivery System Notice,16
FY2021,Colusa,Modification Notice,20
FY2021,Colusa,Termination Notice,1
FY2021,Colusa,Authorization Delay Notice,0
FY2021,Colusa,Timely Access Notice,28
FY2021,Colusa,Financial Liability Notice,0
FY2021,Colusa,Grievance and Appeal Timely Resolution Notice,0
FY2021,Colusa,All,81
FY2021,Contra Costa,Denial Notice,269
FY2021,Contra Costa,Payment Denial Notice,18
FY2021,Contra Costa,Delivery System Notice,30
FY2021,Contra Costa,Modification Notice,1
FY2021,Contra Costa,Termination Notice,1
FY2021,Contra Costa,Authorization Delay Notice,0
FY2021,Contra Costa,Timely Access Notice,83
FY2021,Contra Costa,Financial Liability Notice,0
FY2021,Contra Costa,Grievance and Appeal Timely Resolution Notice,0
FY2021,Contra Costa,All,402
FY2021,Del Norte,Denial Notice,49
FY2021,Del Norte,Payment Denial Notice,10
FY2021,Del Norte,Delivery System Notice,2
FY2021,Del Norte,Modification Notice,0
FY2021,Del Norte,Termination Notice,33
FY2021,Del Norte,Authorization Delay Notice,0
FY2021,Del Norte,Timely Access Notice,0
FY2021,Del Norte,Financial Liability Notice,0
FY2021,Del Norte,Grievance and Appeal Timely Resolution Notice,0
FY2021,Del Norte,All,94
FY2021,El Dorado,Denial Notice,2
FY2021,El Dorado,Payment Denial Notice,0
FY2021,El Dorado,Delivery System Notice,700
FY2021,El Dorado,Modification Notice,13
FY2021,El Dorado,Termination Notice,58
FY2021,El Dorado,Authorization Delay Notice,0
FY2021,El Dorado,Timely Access Notice,0
FY2021,El Dorado,Financial Liability Notice,0
FY2021,El Dorado,Grievance and Appeal Timely Resolution Notice,0
FY2021,El Dorado,All,773
FY2021,Fresno,Denial Notice,424
FY2021,Fresno,Payment Denial Notice,32
FY2021,Fresno,Delivery System Notice,0
FY2021,Fresno,Modification Notice,1
FY2021,Fresno,Termination Notice,0
FY2021,Fresno,Authorization Delay Notice,0
FY2021,Fresno,Timely Access Notice,972
FY2021,Fresno,Financial Liability Notice,0
FY2021,Fresno,Grievance and Appeal Timely Resolution Notice,0
FY2021,Fresno,All,1429
FY2021,Glenn,Denial Notice,61
FY2021,Glenn,Payment Denial Notice,0
FY2021,Glenn,Delivery System Notice,0
FY2021,Glenn,Modification Notice,0
FY2021,Glenn,Termination Notice,0
FY2021,Glenn,Authorization Delay Notice,0
FY2021,Glenn,Timely Access Notice,24
FY2021,Glenn,Financial Liability Notice,0
FY2021,Glenn,Grievance and Appeal Timely Resolution Notice,0
FY2021,Glenn,All,85
FY2021,Humboldt,Denial Notice,3
FY2021,Humboldt,Payment Denial Notice,118
FY2021,Humboldt,Delivery System Notice,54
FY2021,Humboldt,Modification Notice,0
FY2021,Humboldt,Termination Notice,54
FY2021,Humboldt,Authorization Delay Notice,0
FY2021,Humboldt,Timely Access Notice,2
FY2021,Humboldt,Financial Liability Notice,0
FY2021,Humboldt,Grievance and Appeal Timely Resolution Notice,18
FY2021,Humboldt,All,249
FY2021,Imperial,Denial Notice,0
FY2021,Imperial,Payment Denial Notice,15
FY2021,Imperial,Delivery System Notice,371
FY2021,Imperial,Modification Notice,0
FY2021,Imperial,Termination Notice,3534
FY2021,Imperial,Authorization Delay Notice,0
FY2021,Imperial,Timely Access Notice,0
FY2021,Imperial,Financial Liability Notice,0
FY2021,Imperial,Grievance and Appeal Timely Resolution Notice,0
FY2021,Imperial,All,3920
FY2021,Inyo,Denial Notice,19
FY2021,Inyo,Payment Denial Notice,0
FY2021,Inyo,Delivery System Notice,0
FY2021,Inyo,Modification Notice,0
FY2021,Inyo,Termination Notice,0
FY2021,Inyo,Authorization Delay Notice,0
FY2021,Inyo,Timely Access Notice,0
FY2021,Inyo,Financial Liability Notice,0
FY2021,Inyo,Grievance and Appeal Timely Resolution Notice,0
FY2021,Inyo,All,19
FY2021,Kern,Denial Notice,284
FY2021,Kern,Payment Denial Notice,160
FY2021,Kern,Delivery System Notice,1033
FY2021,Kern,Modification Notice,1
FY2021,Kern,Termination Notice,67
FY2021,Kern,Authorization Delay Notice,25
FY2021,Kern,Timely Access Notice,1062
FY2021,Kern,Financial Liability Notice,0
FY2021,Kern,Grievance and Appeal Timely Resolution Notice,0
FY2021,Kern,All,2632
FY2021,Kings,Denial Notice,6
FY2021,Kings,Payment Denial Notice,37
FY2021,Kings,Delivery System Notice,253
FY2021,Kings,Modification Notice,0
FY2021,Kings,Termination Notice,485
FY2021,Kings,Authorization Delay Notice,0
FY2021,Kings,Timely Access Notice,0
FY2021,Kings,Financial Liability Notice,0
FY2021,Kings,Grievance and Appeal Timely Resolution Notice,1
FY2021,Kings,All,782
FY2021,Lake,Denial Notice,0
FY2021,Lake,Payment Denial Notice,25
FY2021,Lake,Delivery System Notice,0
FY2021,Lake,Modification Notice,0
FY2021,Lake,Termination Notice,0
FY2021,Lake,Authorization Delay Notice,0
FY2021,Lake,Timely Access Notice,28
FY2021,Lake,Financial Liability Notice,0
FY2021,Lake,Grievance and Appeal Timely Resolution Notice,0
FY2021,Lake,All,53
FY2021,Lassen,Denial Notice,0
FY2021,Lassen,Payment Denial Notice,2
FY2021,Lassen,Delivery System Notice,65
FY2021,Lassen,Modification Notice,0
FY2021,Lassen,Termination Notice,0
FY2021,Lassen,Authorization Delay Notice,0
FY2021,Lassen,Timely Access Notice,0
FY2021,Lassen,Financial Liability Notice,0
FY2021,Lassen,Grievance and Appeal Timely Resolution Notice,0
FY2021,Lassen,All,67
FY2021,Los Angeles,Denial Notice,0
FY2021,Los Angeles,Payment Denial Notice,2176
FY2021,Los Angeles,Delivery System Notice,722
FY2021,Los Angeles,Modification Notice,3
FY2021,Los Angeles,Termination Notice,1
FY2021,Los Angeles,Authorization Delay Notice,0
FY2021,Los Angeles,Timely Access Notice,2715
FY2021,Los Angeles,Financial Liability Notice,8
FY2021,Los Angeles,Grievance and Appeal Timely Resolution Notice,1
FY2021,Los Angeles,All,5626
FY2021,Madera,Denial Notice,0
FY2021,Madera,Payment Denial Notice,24
FY2021,Madera,Delivery System Notice,13
FY2021,Madera,Modification Notice,0
FY2021,Madera,Termination Notice,55
FY2021,Madera,Authorization Delay Notice,0
FY2021,Madera,Timely Access Notice,0
FY2021,Madera,Financial Liability Notice,0
FY2021,Madera,Grievance and Appeal Timely Resolution Notice,0
FY2021,Madera,All,92
FY2021,Marin,Denial Notice,81
FY2021,Marin,Payment Denial Notice,59
FY2021,Marin,Delivery System Notice,0
FY2021,Marin,Modification Notice,0
FY2021,Marin,Termination Notice,19
FY2021,Marin,Authorization Delay Notice,8
FY2021,Marin,Timely Access Notice,1
FY2021,Marin,Financial Liability Notice,0
FY2021,Marin,Grievance and Appeal Timely Resolution Notice,0
FY2021,Marin,All,168
FY2021,Mariposa,Denial Notice,1
FY2021,Mariposa,Payment Denial Notice,3
FY2021,Mariposa,Delivery System Notice,56
FY2021,Mariposa,Modification Notice,0
FY2021,Mariposa,Termination Notice,484
FY2021,Mariposa,Authorization Delay Notice,0
FY2021,Mariposa,Timely Access Notice,20
FY2021,Mariposa,Financial Liability Notice,0
FY2021,Mariposa,Grievance and Appeal Timely Resolution Notice,0
FY2021,Mariposa,All,564
FY2021,Mendocino,Denial Notice,67
FY2021,Mendocino,Payment Denial Notice,25
FY2021,Mendocino,Delivery System Notice,0
FY2021,Mendocino,Modification Notice,0
FY2021,Mendocino,Termination Notice,0
FY2021,Mendocino,Authorization Delay Notice,0
FY2021,Mendocino,Timely Access Notice,0
FY2021,Mendocino,Financial Liability Notice,0
FY2021,Mendocino,Grievance and Appeal Timely Resolution Notice,0
FY2021,Mendocino,All,92
FY2021,Merced,Denial Notice,5
FY2021,Merced,Payment Denial Notice,151
FY2021,Merced,Delivery System Notice,147
FY2021,Merced,Modification Notice,0
FY2021,Merced,Termination Notice,1020
FY2021,Merced,Authorization Delay Notice,0
FY2021,Merced,Timely Access Notice,838
FY2021,Merced,Financial Liability Notice,0
FY2021,Merced,Grievance and Appeal Timely Resolution Notice,0
FY2021,Merced,All,2161
FY2021,Modoc,Denial Notice,26
FY2021,Modoc,Payment Denial Notice,0
FY2021,Modoc,Delivery System Notice,0
FY2021,Modoc,Modification Notice,0
FY2021,Modoc,Termination Notice,0
FY2021,Modoc,Authorization Delay Notice,0
FY2021,Modoc,Timely Access Notice,0
FY2021,Modoc,Financial Liability Notice,0
FY2021,Modoc,Grievance and Appeal Timely Resolution Notice,0
FY2021,Modoc,All,26
FY2021,Mono,Denial Notice,0
FY2021,Mono,Payment Denial Notice,0
FY2021,Mono,Delivery System Notice,0
FY2021,Mono,Modification Notice,0
FY2021,Mono,Termination Notice,0
FY2021,Mono,Authorization Delay Notice,0
FY2021,Mono,Timely Access Notice,9
FY2021,Mono,Financial Liability Notice,0
FY2021,Mono,Grievance and Appeal Timely Resolution Notice,0
FY2021,Mono,All,9
FY2021,Monterey,Denial Notice,61
FY2021,Monterey,Payment Denial Notice,218
FY2021,Monterey,Delivery System Notice,1318
FY2021,Monterey,Modification Notice,9
FY2021,Monterey,Termination Notice,116
FY2021,Monterey,Authorization Delay Notice,35
FY2021,Monterey,Timely Access Notice,0
FY2021,Monterey,Financial Liability Notice,0
FY2021,Monterey,Grievance and Appeal Timely Resolution Notice,1
FY2021,Monterey,All,1758
FY2021,Napa,Denial Notice,0
FY2021,Napa,Payment Denial Notice,0
FY2021,Napa,Delivery System Notice,182
FY2021,Napa,Modification Notice,0
FY2021,Napa,Termination Notice,0
FY2021,Napa,Authorization Delay Notice,0
FY2021,Napa,Timely Access Notice,39
FY2021,Napa,Financial Liability Notice,0
FY2021,Napa,Grievance and Appeal Timely Resolution Notice,0
FY2021,Napa,All,221
FY2021,Nevada,Denial Notice,2
FY2021,Nevada,Payment Denial Notice,1
FY2021,Nevada,Delivery System Notice,54
FY2021,Nevada,Modification Notice,0
FY2021,Nevada,Termination Notice,6
FY2021,Nevada,Authorization Delay Notice,0
FY2021,Nevada,Timely Access Notice,0
FY2021,Nevada,Financial Liability Notice,0
FY2021,Nevada,Grievance and Appeal Timely Resolution Notice,0
FY2021,Nevada,All,63
FY2021,Orange,Denial Notice,0
FY2021,Orange,Payment Denial Notice,141
FY2021,Orange,Delivery System Notice,1127
FY2021,Orange,Modification Notice,9
FY2021,Orange,Termination Notice,6431
FY2021,Orange,Authorization Delay Notice,0
FY2021,Orange,Timely Access Notice,37
FY2021,Orange,Financial Liability Notice,2
FY2021,Orange,Grievance and Appeal Timely Resolution Notice,0
FY2021,Orange,All,7747
FY2021,Placer-Sierra,Denial Notice,16
FY2021,Placer-Sierra,Payment Denial Notice,79
FY2021,Placer-Sierra,Delivery System Notice,0
FY2021,Placer-Sierra,Modification Notice,10
FY2021,Placer-Sierra,Termination Notice,260
FY2021,Placer-Sierra,Authorization Delay Notice,0
FY2021,Placer-Sierra,Timely Access Notice,0
FY2021,Placer-Sierra,Financial Liability Notice,0
FY2021,Placer-Sierra,Grievance and Appeal Timely Resolution Notice,0
FY2021,Placer-Sierra,All,365
FY2021,Plumas,Denial Notice,122
FY2021,Plumas,Payment Denial Notice,6
FY2021,Plumas,Delivery System Notice,14
FY2021,Plumas,Modification Notice,0
FY2021,Plumas,Termination Notice,165
FY2021,Plumas,Authorization Delay Notice,0
FY2021,Plumas,Timely Access Notice,0
FY2021,Plumas,Financial Liability Notice,0
FY2021,Plumas,Grievance and Appeal Timely Resolution Notice,18
FY2021,Plumas,All,325
FY2021,Riverside,Denial Notice,31
FY2021,Riverside,Payment Denial Notice,0
FY2021,Riverside,Delivery System Notice,2
FY2021,Riverside,Modification Notice,54
FY2021,Riverside,Termination Notice,7
FY2021,Riverside,Authorization Delay Notice,0
FY2021,Riverside,Timely Access Notice,99
FY2021,Riverside,Financial Liability Notice,1
FY2021,Riverside,Grievance and Appeal Timely Resolution Notice,0
FY2021,Riverside,All,194
FY2021,Sacramento,Denial Notice,5350
FY2021,Sacramento,Payment Denial Notice,639
FY2021,Sacramento,Delivery System Notice,703
FY2021,Sacramento,Modification Notice,0
FY2021,Sacramento,Termination Notice,62
FY2021,Sacramento,Authorization Delay Notice,0
FY2021,Sacramento,Timely Access Notice,2
FY2021,Sacramento,Financial Liability Notice,0
FY2021,Sacramento,Grievance and Appeal Timely Resolution Notice,2
FY2021,Sacramento,All,6758
FY2021,San Benito,Denial Notice,49
FY2021,San Benito,Payment Denial Notice,2
FY2021,San Benito,Delivery System Notice,91
FY2021,San Benito,Modification Notice,156
FY2021,San Benito,Termination Notice,468
FY2021,San Benito,Authorization Delay Notice,0
FY2021,San Benito,Timely Access Notice,1
FY2021,San Benito,Financial Liability Notice,0
FY2021,San Benito,Grievance and Appeal Timely Resolution Notice,1
FY2021,San Benito,All,768
FY2021,San Bernardino,Denial Notice,17
FY2021,San Bernardino,Payment Denial Notice,1390
FY2021,San Bernardino,Delivery System Notice,510
FY2021,San Bernardino,Modification Notice,1
FY2021,San Bernardino,Termination Notice,1488
FY2021,San Bernardino,Authorization Delay Notice,0
FY2021,San Bernardino,Timely Access Notice,537
FY2021,San Bernardino,Financial Liability Notice,0
FY2021,San Bernardino,Grievance and Appeal Timely Resolution Notice,0
FY2021,San Bernardino,All,3943
FY2021,San Diego,Denial Notice,1025
FY2021,San Diego,Payment Denial Notice,673
FY2021,San Diego,Delivery System Notice,114
FY2021,San Diego,Modification Notice,51
FY2021,San Diego,Termination Notice,3692
FY2021,San Diego,Authorization Delay Notice,96
FY2021,San Diego,Timely Access Notice,1162
FY2021,San Diego,Financial Liability Notice,0
FY2021,San Diego,Grievance and Appeal Timely Resolution Notice,127
FY2021,San Diego,All,6940
FY2021,San Francisco,Denial Notice,16
FY2021,San Francisco,Payment Denial Notice,70
FY2021,San Francisco,Delivery System Notice,68
FY2021,San Francisco,Modification Notice,1
FY2021,San Francisco,Termination Notice,39
FY2021,San Francisco,Authorization Delay Notice,2
FY2021,San Francisco,Timely Access Notice,0
FY2021,San Francisco,Financial Liability Notice,1
FY2021,San Francisco,Grievance and Appeal Timely Resolution Notice,0
FY2021,San Francisco,All,197
FY2021,San Joaquin,Denial Notice,14
FY2021,San Joaquin,Payment Denial Notice,2
FY2021,San Joaquin,Delivery System Notice,243
FY2021,San Joaquin,Modification Notice,0
FY2021,San Joaquin,Termination Notice,61
FY2021,San Joaquin,Authorization Delay Notice,0
FY2021,San Joaquin,Timely Access Notice,178
FY2021,San Joaquin,Financial Liability Notice,0
FY2021,San Joaquin,Grievance and Appeal Timely Resolution Notice,0
FY2021,San Joaquin,All,498
FY2021,San Luis Obispo,Denial Notice,55
FY2021,San Luis Obispo,Payment Denial Notice,192
FY2021,San Luis Obispo,Delivery System Notice,208
FY2021,San Luis Obispo,Modification Notice,2
FY2021,San Luis Obispo,Termination Notice,725
FY2021,San Luis Obispo,Authorization Delay Notice,10
FY2021,San Luis Obispo,Timely Access Notice,240
FY2021,San Luis Obispo,Financial Liability Notice,0
FY2021,San Luis Obispo,Grievance and Appeal Timely Resolution Notice,4
FY2021,San Luis Obispo,All,1436
FY2021,San Mateo,Denial Notice,25
FY2021,San Mateo,Payment Denial Notice,4
FY2021,San Mateo,Delivery System Notice,0
FY2021,San Mateo,Modification Notice,5
FY2021,San Mateo,Termination Notice,23
FY2021,San Mateo,Authorization Delay Notice,9
FY2021,San Mateo,Timely Access Notice,1
FY2021,San Mateo,Financial Liability Notice,0
FY2021,San Mateo,Grievance and Appeal Timely Resolution Notice,0
FY2021,San Mateo,All,67
FY2021,Santa Barbara,Denial Notice,226
FY2021,Santa Barbara,Payment Denial Notice,372
FY2021,Santa Barbara,Delivery System Notice,133
FY2021,Santa Barbara,Modification Notice,0
FY2021,Santa Barbara,Termination Notice,464
FY2021,Santa Barbara,Authorization Delay Notice,0
FY2021,Santa Barbara,Timely Access Notice,0
FY2021,Santa Barbara,Financial Liability Notice,0
FY2021,Santa Barbara,Grievance and Appeal Timely Resolution Notice,0
FY2021,Santa Barbara,All,1195
FY2021,Santa Clara,Denial Notice,5
FY2021,Santa Clara,Payment Denial Notice,242
FY2021,Santa Clara,Delivery System Notice,4
FY2021,Santa Clara,Modification Notice,7
FY2021,Santa Clara,Termination Notice,21
FY2021,Santa Clara,Authorization Delay Notice,0
FY2021,Santa Clara,Timely Access Notice,179
FY2021,Santa Clara,Financial Liability Notice,0
FY2021,Santa Clara,Grievance and Appeal Timely Resolution Notice,0
FY2021,Santa Clara,All,458
FY2021,Santa Cruz,Denial Notice,10
FY2021,Santa Cruz,Payment Denial Notice,64
FY2021,Santa Cruz,Delivery System Notice,30
FY2021,Santa Cruz,Modification Notice,1
FY2021,Santa Cruz,Termination Notice,494
FY2021,Santa Cruz,Authorization Delay Notice,0
FY2021,Santa Cruz,Timely Access Notice,112
FY2021,Santa Cruz,Financial Liability Notice,0
FY2021,Santa Cruz,Grievance and Appeal Timely Resolution Notice,0
FY2021,Santa Cruz,All,711
FY2021,Shasta,Denial Notice,1
FY2021,Shasta,Payment Denial Notice,83
FY2021,Shasta,Delivery System Notice,214
FY2021,Shasta,Modification Notice,0
FY2021,Shasta,Termination Notice,282
FY2021,Shasta,Authorization Delay Notice,0
FY2021,Shasta,Timely Access Notice,0
FY2021,Shasta,Financial Liability Notice,0
FY2021,Shasta,Grievance and Appeal Timely Resolution Notice,0
FY2021,Shasta,All,580
FY2021,Siskiyou,Denial Notice,0
FY2021,Siskiyou,Payment Denial Notice,10
FY2021,Siskiyou,Delivery System Notice,120
FY2021,Siskiyou,Modification Notice,6
FY2021,Siskiyou,Termination Notice,27
FY2021,Siskiyou,Authorization Delay Notice,0
FY2021,Siskiyou,Timely Access Notice,60
FY2021,Siskiyou,Financial Liability Notice,0
FY2021,Siskiyou,Grievance and Appeal Timely Resolution Notice,0
FY2021,Siskiyou,All,223
FY2021,Solano,Denial Notice,88
FY2021,Solano,Payment Denial Notice,44
FY2021,Solano,Delivery System Notice,42
FY2021,Solano,Modification Notice,1
FY2021,Solano,Termination Notice,859
FY2021,Solano,Authorization Delay Notice,0
FY2021,Solano,Timely Access Notice,69
FY2021,Solano,Financial Liability Notice,0
FY2021,Solano,Grievance and Appeal Timely Resolution Notice,0
FY2021,Solano,All,1103
FY2021,Sonoma,Denial Notice,106
FY2021,Sonoma,Payment Denial Notice,17
FY2021,Sonoma,Delivery System Notice,31
FY2021,Sonoma,Modification Notice,8
FY2021,Sonoma,Termination Notice,4
FY2021,Sonoma,Authorization Delay Notice,42
FY2021,Sonoma,Timely Access Notice,181
FY2021,Sonoma,Financial Liability Notice,1
FY2021,Sonoma,Grievance and Appeal Timely Resolution Notice,1
FY2021,Sonoma,All,391
FY2021,Stanislaus,Denial Notice,43
FY2021,Stanislaus,Payment Denial Notice,1239
FY2021,Stanislaus,Delivery System Notice,668
FY2021,Stanislaus,Modification Notice,1
FY2021,Stanislaus,Termination Notice,422
FY2021,Stanislaus,Authorization Delay Notice,333
FY2021,Stanislaus,Timely Access Notice,73
FY2021,Stanislaus,Financial Liability Notice,0
FY2021,Stanislaus,Grievance and Appeal Timely Resolution Notice,0
FY2021,Stanislaus,All,2779
FY2021,Sutter-Yuba,Denial Notice,11
FY2021,Sutter-Yuba,Payment Denial Notice,67
FY2021,Sutter-Yuba,Delivery System Notice,449
FY2021,Sutter-Yuba,Modification Notice,0
FY2021,Sutter-Yuba,Termination Notice,485
FY2021,Sutter-Yuba,Authorization Delay Notice,0
FY2021,Sutter-Yuba,Timely Access Notice,511
FY2021,Sutter-Yuba,Financial Liability Notice,0
FY2021,Sutter-Yuba,Grievance and Appeal Timely Resolution Notice,0
FY2021,Sutter-Yuba,All,1523
FY2021,Tehama,Denial Notice,50
FY2021,Tehama,Payment Denial Notice,0
FY2021,Tehama,Delivery System Notice,7
FY2021,Tehama,Modification Notice,0
FY2021,Tehama,Termination Notice,0
FY2021,Tehama,Authorization Delay Notice,1
FY2021,Tehama,Timely Access Notice,4
FY2021,Tehama,Financial Liability Notice,2
FY2021,Tehama,Grievance and Appeal Timely Resolution Notice,0
FY2021,Tehama,All,64
FY2021,Trinity,Denial Notice,33
FY2021,Trinity,Payment Denial Notice,0
FY2021,Trinity,Delivery System Notice,0
FY2021,Trinity,Modification Notice,0
FY2021,Trinity,Termination Notice,110
FY2021,Trinity,Authorization Delay Notice,0
FY2021,Trinity,Timely Access Notice,46
FY2021,Trinity,Financial Liability Notice,0
FY2021,Trinity,Grievance and Appeal Timely Resolution Notice,0
FY2021,Trinity,All,189
FY2021,Tulare,Denial Notice,109
FY2021,Tulare,Payment Denial Notice,0
FY2021,Tulare,Delivery System Notice,122
FY2021,Tulare,Modification Notice,0
FY2021,Tulare,Termination Notice,530
FY2021,Tulare,Authorization Delay Notice,0
FY2021,Tulare,Timely Access Notice,33
FY2021,Tulare,Financial Liability Notice,0
FY2021,Tulare,Grievance and Appeal Timely Resolution Notice,0
FY2021,Tulare,All,794
FY2021,Tuolumne,Denial Notice,4
FY2021,Tuolumne,Payment Denial Notice,8
FY2021,Tuolumne,Delivery System Notice,53
FY2021,Tuolumne,Modification Notice,0
FY2021,Tuolumne,Termination Notice,20
FY2021,Tuolumne,Authorization Delay Notice,0
FY2021,Tuolumne,Timely Access Notice,41
FY2021,Tuolumne,Financial Liability Notice,0
FY2021,Tuolumne,Grievance and Appeal Timely Resolution Notice,13
FY2021,Tuolumne,All,139
FY2021,Ventura,Denial Notice,107
FY2021,Ventura,Payment Denial Notice,180
FY2021,Ventura,Delivery System Notice,389
FY2021,Ventura,Modification Notice,1
FY2021,Ventura,Termination Notice,1190
FY2021,Ventura,Authorization Delay Notice,2
FY2021,Ventura,Timely Access Notice,366
FY2021,Ventura,Financial Liability Notice,0
FY2021,Ventura,Grievance and Appeal Timely Resolution Notice,1
FY2021,Ventura,All,2236
FY2021,Yolo,Denial Notice,4
FY2021,Yolo,Payment Denial Notice,36
FY2021,Yolo,Delivery System Notice,132
FY2021,Yolo,Modification Notice,0
FY2021,Yolo,Termination Notice,22
FY2021,Yolo,Authorization Delay Notice,0
FY2021,Yolo,Timely Access Notice,2
FY2021,Yolo,Financial Liability Notice,0
FY2021,Yolo,Grievance and Appeal Timely Resolution Notice,0
FY2021,Yolo,All,196
FY1920,State,Denial Notice,5202
FY1920,State,Payment Denial Notice,10691
FY1920,State,Delivery System Notice,12161
FY1920,State,Modification Notice,564
FY1920,State,Termination Notice,17707
FY1920,State,Authorization Delay Notice,614
FY1920,State,Timely Access Notice,10772
FY1920,State,Financial Liability Notice,5
FY1920,State,Grievance and Appeal Timely Resolution Notice,57
FY1920,State,All,57773
FY1920,Alameda,Denial Notice,70
FY1920,Alameda,Payment Denial Notice,1246
FY1920,Alameda,Delivery System Notice,544
FY1920,Alameda,Modification Notice,3
FY1920,Alameda,Termination Notice,481
FY1920,Alameda,Authorization Delay Notice,25
FY1920,Alameda,Timely Access Notice,161
FY1920,Alameda,Financial Liability Notice,0
FY1920,Alameda,Grievance and Appeal Timely Resolution Notice,0
FY1920,Alameda,All,2530
FY1920,Alpine,Denial Notice,2
FY1920,Alpine,Payment Denial Notice,0
FY1920,Alpine,Delivery System Notice,2
FY1920,Alpine,Modification Notice,0
FY1920,Alpine,Termination Notice,3
FY1920,Alpine,Authorization Delay Notice,0
FY1920,Alpine,Timely Access Notice,0
FY1920,Alpine,Financial Liability Notice,0
FY1920,Alpine,Grievance and Appeal Timely Resolution Notice,0
FY1920,Alpine,All,7
FY1920,Amador,Denial Notice,53
FY1920,Amador,Payment Denial Notice,0
FY1920,Amador,Delivery System Notice,0
FY1920,Amador,Modification Notice,0
FY1920,Amador,Termination Notice,0
FY1920,Amador,Authorization Delay Notice,0
FY1920,Amador,Timely Access Notice,29
FY1920,Amador,Financial Liability Notice,0
FY1920,Amador,Grievance and Appeal Timely Resolution Notice,2
FY1920,Amador,All,84
FY1920,Butte,Denial Notice,0
FY1920,Butte,Payment Denial Notice,9
FY1920,Butte,Delivery System Notice,344
FY1920,Butte,Modification Notice,0
FY1920,Butte,Termination Notice,0
FY1920,Butte,Authorization Delay Notice,0
FY1920,Butte,Timely Access Notice,10
FY1920,Butte,Financial Liability Notice,0
FY1920,Butte,Grievance and Appeal Timely Resolution Notice,0
FY1920,Butte,All,363
FY1920,Calaveras,Denial Notice,2
FY1920,Calaveras,Payment Denial Notice,0
FY1920,Calaveras,Delivery System Notice,47
FY1920,Calaveras,Modification Notice,0
FY1920,Calaveras,Termination Notice,77
FY1920,Calaveras,Authorization Delay Notice,0
FY1920,Calaveras,Timely Access Notice,0
FY1920,Calaveras,Financial Liability Notice,0
FY1920,Calaveras,Grievance and Appeal Timely Resolution Notice,0
FY1920,Calaveras,All,126
FY1920,Colusa,Denial Notice,11
FY1920,Colusa,Payment Denial Notice,0
FY1920,Colusa,Delivery System Notice,7
FY1920,Colusa,Modification Notice,15
FY1920,Colusa,Termination Notice,1
FY1920,Colusa,Authorization Delay Notice,0
FY1920,Colusa,Timely Access Notice,61
FY1920,Colusa,Financial Liability Notice,0
FY1920,Colusa,Grievance and Appeal Timely Resolution Notice,0
FY1920,Colusa,All,95
FY1920,Contra Costa,Denial Notice,3
FY1920,Contra Costa,Payment Denial Notice,62
FY1920,Contra Costa,Delivery System Notice,1
FY1920,Contra Costa,Modification Notice,0
FY1920,Contra Costa,Termination Notice,1
FY1920,Contra Costa,Authorization Delay Notice,5
FY1920,Contra Costa,Timely Access Notice,46
FY1920,Contra Costa,Financial Liability Notice,0
FY1920,Contra Costa,Grievance and Appeal Timely Resolution Notice,1
FY1920,Contra Costa,All,119
FY1920,Del Norte,Denial Notice,24
FY1920,Del Norte,Payment Denial Notice,11
FY1920,Del Norte,Delivery System Notice,0
FY1920,Del Norte,Modification Notice,0
FY1920,Del Norte,Termination Notice,0
FY1920,Del Norte,Authorization Delay Notice,0
FY1920,Del Norte,Timely Access Notice,0
FY1920,Del Norte,Financial Liability Notice,0
FY1920,Del Norte,Grievance and Appeal Timely Resolution Notice,0
FY1920,Del Norte,All,35
FY1920,El Dorado,Denial Notice,0
FY1920,El Dorado,Payment Denial Notice,3
FY1920,El Dorado,Delivery System Notice,408
FY1920,El Dorado,Modification Notice,0
FY1920,El Dorado,Termination Notice,0
FY1920,El Dorado,Authorization Delay Notice,0
FY1920,El Dorado,Timely Access Notice,0
FY1920,El Dorado,Financial Liability Notice,0
FY1920,El Dorado,Grievance and Appeal Timely Resolution Notice,0
FY1920,El Dorado,All,411
FY1920,Fresno,Denial Notice,682
FY1920,Fresno,Payment Denial Notice,66
FY1920,Fresno,Delivery System Notice,0
FY1920,Fresno,Modification Notice,32
FY1920,Fresno,Termination Notice,0
FY1920,Fresno,Authorization Delay Notice,0
FY1920,Fresno,Timely Access Notice,909
FY1920,Fresno,Financial Liability Notice,0
FY1920,Fresno,Grievance and Appeal Timely Resolution Notice,0
FY1920,Fresno,All,1689
FY1920,Glenn,Denial Notice,49
FY1920,Glenn,Payment Denial Notice,0
FY1920,Glenn,Delivery System Notice,0
FY1920,Glenn,Modification Notice,0
FY1920,Glenn,Termination Notice,0
FY1920,Glenn,Authorization Delay Notice,0
FY1920,Glenn,Timely Access Notice,4
FY1920,Glenn,Financial Liability Notice,0
FY1920,Glenn,Grievance and Appeal Timely Resolution Notice,0
FY1920,Glenn,All,53
FY1920,Humboldt,Denial Notice,5
FY1920,Humboldt,Payment Denial Notice,214
FY1920,Humboldt,Delivery System Notice,3
FY1920,Humboldt,Modification Notice,0
FY1920,Humboldt,Termination Notice,86
FY1920,Humboldt,Authorization Delay Notice,0
FY1920,Humboldt,Timely Access Notice,36
FY1920,Humboldt,Financial Liability Notice,0
FY1920,Humboldt,Grievance and Appeal Timely Resolution Notice,14
FY1920,Humboldt,All,358
FY1920,Imperial,Denial Notice,0
FY1920,Imperial,Payment Denial Notice,2
FY1920,Imperial,Delivery System Notice,568
FY1920,Imperial,Modification Notice,0
FY1920,Imperial,Termination Notice,3743
FY1920,Imperial,Authorization Delay Notice,1
FY1920,Imperial,Timely Access Notice,5
FY1920,Imperial,Financial Liability Notice,0
FY1920,Imperial,Grievance and Appeal Timely Resolution Notice,1
FY1920,Imperial,All,4320
FY1920,Inyo,Denial Notice,16
FY1920,Inyo,Payment Denial Notice,0
FY1920,Inyo,Delivery System Notice,0
FY1920,Inyo,Modification Notice,0
FY1920,Inyo,Termination Notice,0
FY1920,Inyo,Authorization Delay Notice,0
FY1920,Inyo,Timely Access Notice,0
FY1920,Inyo,Financial Liability Notice,0
FY1920,Inyo,Grievance and Appeal Timely Resolution Notice,0
FY1920,Inyo,All,16
FY1920,Kern,Denial Notice,152
FY1920,Kern,Payment Denial Notice,146
FY1920,Kern,Delivery System Notice,568
FY1920,Kern,Modification Notice,1
FY1920,Kern,Termination Notice,13
FY1920,Kern,Authorization Delay Notice,1
FY1920,Kern,Timely Access Notice,86
FY1920,Kern,Financial Liability Notice,0
FY1920,Kern,Grievance and Appeal Timely Resolution Notice,0
FY1920,Kern,All,967
FY1920,Kings,Denial Notice,312
FY1920,Kings,Payment Denial Notice,0
FY1920,Kings,Delivery System Notice,254
FY1920,Kings,Modification Notice,1
FY1920,Kings,Termination Notice,245
FY1920,Kings,Authorization Delay Notice,0
FY1920,Kings,Timely Access Notice,0
FY1920,Kings,Financial Liability Notice,0
FY1920,Kings,Grievance and Appeal Timely Resolution Notice,0
FY1920,Kings,All,812
FY1920,Lake,Denial Notice,0
FY1920,Lake,Payment Denial Notice,25
FY1920,Lake,Delivery System Notice,0
FY1920,Lake,Modification Notice,0
FY1920,Lake,Termination Notice,0
FY1920,Lake,Authorization Delay Notice,0
FY1920,Lake,Timely Access Notice,28
FY1920,Lake,Financial Liability Notice,0
FY1920,Lake,Grievance and Appeal Timely Resolution Notice,0
FY1920,Lake,All,53
FY1920,Lassen,Denial Notice,0
FY1920,Lassen,Payment Denial Notice,0
FY1920,Lassen,Delivery System Notice,68
FY1920,Lassen,Modification Notice,0
FY1920,Lassen,Termination Notice,0
FY1920,Lassen,Authorization Delay Notice,0
FY1920,Lassen,Timely Access Notice,0
FY1920,Lassen,Financial Liability Notice,0
FY1920,Lassen,Grievance and Appeal Timely Resolution Notice,0
FY1920,Lassen,All,68
FY1920,Los Angeles,Denial Notice,0
FY1920,Los Angeles,Payment Denial Notice,1404
FY1920,Los Angeles,Delivery System Notice,1932
FY1920,Los Angeles,Modification Notice,0
FY1920,Los Angeles,Termination Notice,0
FY1920,Los Angeles,Authorization Delay Notice,0
FY1920,Los Angeles,Timely Access Notice,4224
FY1920,Los Angeles,Financial Liability Notice,0
FY1920,Los Angeles,Grievance and Appeal Timely Resolution Notice,0
FY1920,Los Angeles,All,7560
FY1920,Madera,Denial Notice,0
FY1920,Madera,Payment Denial Notice,34
FY1920,Madera,Delivery System Notice,65
FY1920,Madera,Modification Notice,0
FY1920,Madera,Termination Notice,130
FY1920,Madera,Authorization Delay Notice,0
FY1920,Madera,Timely Access Notice,12
FY1920,Madera,Financial Liability Notice,0
FY1920,Madera,Grievance and Appeal Timely Resolution Notice,2
FY1920,Madera,All,243
FY1920,Marin,Denial Notice,118
FY1920,Marin,Payment Denial Notice,60
FY1920,Marin,Delivery System Notice,0
FY1920,Marin,Modification Notice,0
FY1920,Marin,Termination Notice,27
FY1920,Marin,Authorization Delay Notice,26
FY1920,Marin,Timely Access Notice,0
FY1920,Marin,Financial Liability Notice,2
FY1920,Marin,Grievance and Appeal Timely Resolution Notice,0
FY1920,Marin,All,233
FY1920,Mariposa,Denial Notice,0
FY1920,Mariposa,Payment Denial Notice,2
FY1920,Mariposa,Delivery System Notice,29
FY1920,Mariposa,Modification Notice,2
FY1920,Mariposa,Termination Notice,636
FY1920,Mariposa,Authorization Delay Notice,1
FY1920,Mariposa,Timely Access Notice,87
FY1920,Mariposa,Financial Liability Notice,0
FY1920,Mariposa,Grievance and Appeal Timely Resolution Notice,2
FY1920,Mariposa,All,759
FY1920,Mendocino,Denial Notice,0
FY1920,Mendocino,Payment Denial Notice,45
FY1920,Mendocino,Delivery System Notice,78
FY1920,Mendocino,Modification Notice,0
FY1920,Mendocino,Termination Notice,0
FY1920,Mendocino,Authorization Delay Notice,0
FY1920,Mendocino,Timely Access Notice,0
FY1920,Mendocino,Financial Liability Notice,0
FY1920,Mendocino,Grievance and Appeal Timely Resolution Notice,0
FY1920,Mendocino,All,123
FY1920,Merced,Denial Notice,1
FY1920,Merced,Payment Denial Notice,288
FY1920,Merced,Delivery System Notice,227
FY1920,Merced,Modification Notice,2
FY1920,Merced,Termination Notice,1486
FY1920,Merced,Authorization Delay Notice,2
FY1920,Merced,Timely Access Notice,386
FY1920,Merced,Financial Liability Notice,0
FY1920,Merced,Grievance and Appeal Timely Resolution Notice,0
FY1920,Merced,All,2392
FY1920,Modoc,Denial Notice,28
FY1920,Modoc,Payment Denial Notice,0
FY1920,Modoc,Delivery System Notice,0
FY1920,Modoc,Modification Notice,0
FY1920,Modoc,Termination Notice,0
FY1920,Modoc,Authorization Delay Notice,0
FY1920,Modoc,Timely Access Notice,0
FY1920,Modoc,Financial Liability Notice,0
FY1920,Modoc,Grievance and Appeal Timely Resolution Notice,0
FY1920,Modoc,All,28
FY1920,Mono,Denial Notice,0
FY1920,Mono,Payment Denial Notice,0
FY1920,Mono,Delivery System Notice,0
FY1920,Mono,Modification Notice,0
FY1920,Mono,Termination Notice,0
FY1920,Mono,Authorization Delay Notice,0
FY1920,Mono,Timely Access Notice,19
FY1920,Mono,Financial Liability Notice,0
FY1920,Mono,Grievance and Appeal Timely Resolution Notice,0
FY1920,Mono,All,19
FY1920,Monterey,Denial Notice,160
FY1920,Monterey,Payment Denial Notice,297
FY1920,Monterey,Delivery System Notice,774
FY1920,Monterey,Modification Notice,5
FY1920,Monterey,Termination Notice,38
FY1920,Monterey,Authorization Delay Notice,0
FY1920,Monterey,Timely Access Notice,0
FY1920,Monterey,Financial Liability Notice,0
FY1920,Monterey,Grievance and Appeal Timely Resolution Notice,0
FY1920,Monterey,All,1274
FY1920,Napa,Denial Notice,0
FY1920,Napa,Payment Denial Notice,2
FY1920,Napa,Delivery System Notice,136
FY1920,Napa,Modification Notice,0
FY1920,Napa,Termination Notice,0
FY1920,Napa,Authorization Delay Notice,0
FY1920,Napa,Timely Access Notice,0
FY1920,Napa,Financial Liability Notice,0
FY1920,Napa,Grievance and Appeal Timely Resolution Notice,3
FY1920,Napa,All,141
FY1920,Nevada,Denial Notice,20
FY1920,Nevada,Payment Denial Notice,3
FY1920,Nevada,Delivery System Notice,282
FY1920,Nevada,Modification Notice,0
FY1920,Nevada,Termination Notice,5
FY1920,Nevada,Authorization Delay Notice,0
FY1920,Nevada,Timely Access Notice,7
FY1920,Nevada,Financial Liability Notice,0
FY1920,Nevada,Grievance and Appeal Timely Resolution Notice,0
FY1920,Nevada,All,317
FY1920,Orange,Denial Notice,0
FY1920,Orange,Payment Denial Notice,161
FY1920,Orange,Delivery System Notice,1036
FY1920,Orange,Modification Notice,6
FY1920,Orange,Termination Notice,4125
FY1920,Orange,Authorization Delay Notice,0
FY1920,Orange,Timely Access Notice,57
FY1920,Orange,Financial Liability Notice,0
FY1920,Orange,Grievance and Appeal Timely Resolution Notice,1
FY1920,Orange,All,5386
FY1920,Placer-Sierra,Denial Notice,41
FY1920,Placer-Sierra,Payment Denial Notice,0
FY1920,Placer-Sierra,Delivery System Notice,5
FY1920,Placer-Sierra,Modification Notice,16
FY1920,Placer-Sierra,Termination Notice,350
FY1920,Placer-Sierra,Authorization Delay Notice,0
FY1920,Placer-Sierra,Timely Access Notice,0
FY1920,Placer-Sierra,Financial Liability Notice,0
FY1920,Placer-Sierra,Grievance and Appeal Timely Resolution Notice,0
FY1920,Placer-Sierra,All,412
FY1920,Plumas,Denial Notice,17
FY1920,Plumas,Payment Denial Notice,3
FY1920,Plumas,Delivery System Notice,36
FY1920,Plumas,Modification Notice,0
FY1920,Plumas,Termination Notice,18
FY1920,Plumas,Authorization Delay Notice,0
FY1920,Plumas,Timely Access Notice,0
FY1920,Plumas,Financial Liability Notice,0
FY1920,Plumas,Grievance and Appeal Timely Resolution Notice,0
FY1920,Plumas,All,74
FY1920,Riverside,Denial Notice,53
FY1920,Riverside,Payment Denial Notice,1
FY1920,Riverside,Delivery System Notice,0
FY1920,Riverside,Modification Notice,124
FY1920,Riverside,Termination Notice,5
FY1920,Riverside,Authorization Delay Notice,0
FY1920,Riverside,Timely Access Notice,183
FY1920,Riverside,Financial Liability Notice,0
FY1920,Riverside,Grievance and Appeal Timely Resolution Notice,0
FY1920,Riverside,All,366
FY1920,Sacramento,Denial Notice,1863
FY1920,Sacramento,Payment Denial Notice,716
FY1920,Sacramento,Delivery System Notice,0
FY1920,Sacramento,Modification Notice,214
FY1920,Sacramento,Termination Notice,0
FY1920,Sacramento,Authorization Delay Notice,0
FY1920,Sacramento,Timely Access Notice,0
FY1920,Sacramento,Financial Liability Notice,0
FY1920,Sacramento,Grievance and Appeal Timely Resolution Notice,3
FY1920,Sacramento,All,2796
FY1920,San Benito,Denial Notice,152
FY1920,San Benito,Payment Denial Notice,1
FY1920,San Benito,Delivery System Notice,0
FY1920,San Benito,Modification Notice,1
FY1920,San Benito,Termination Notice,464
FY1920,San Benito,Authorization Delay Notice,0
FY1920,San Benito,Timely Access Notice,0
FY1920,San Benito,Financial Liability Notice,0
FY1920,San Benito,Grievance and Appeal Timely Resolution Notice,0
FY1920,San Benito,All,618
FY1920,San Bernardino,Denial Notice,287
FY1920,San Bernardino,Payment Denial Notice,1843
FY1920,San Bernardino,Delivery System Notice,833
FY1920,San Bernardino,Modification Notice,57
FY1920,San Bernardino,Termination Notice,446
FY1920,San Bernardino,Authorization Delay Notice,156
FY1920,San Bernardino,Timely Access Notice,530
FY1920,San Bernardino,Financial Liability Notice,0
FY1920,San Bernardino,Grievance and Appeal Timely Resolution Notice,0
FY1920,San Bernardino,All,4152
FY1920,San Diego,Denial Notice,212
FY1920,San Diego,Payment Denial Notice,1090
FY1920,San Diego,Delivery System Notice,90
FY1920,San Diego,Modification Notice,0
FY1920,San Diego,Termination Notice,294
FY1920,San Diego,Authorization Delay Notice,1
FY1920,San Diego,Timely Access Notice,180
FY1920,San Diego,Financial Liability Notice,0
FY1920,San Diego,Grievance and Appeal Timely Resolution Notice,0
FY1920,San Diego,All,1867
FY1920,San Francisco,Denial Notice,45
FY1920,San Francisco,Payment Denial Notice,30
FY1920,San Francisco,Delivery System Notice,9
FY1920,San Francisco,Modification Notice,0
FY1920,San Francisco,Termination Notice,53
FY1920,San Francisco,Authorization Delay Notice,0
FY1920,San Francisco,Timely Access Notice,4
FY1920,San Francisco,Financial Liability Notice,0
FY1920,San Francisco,Grievance and Appeal Timely Resolution Notice,0
FY1920,San Francisco,All,141
FY1920,San Joaquin,Denial Notice,12
FY1920,San Joaquin,Payment Denial Notice,344
FY1920,San Joaquin,Delivery System Notice,566
FY1920,San Joaquin,Modification Notice,0
FY1920,San Joaquin,Termination Notice,0
FY1920,San Joaquin,Authorization Delay Notice,0
FY1920,San Joaquin,Timely Access Notice,565
FY1920,San Joaquin,Financial Liability Notice,0
FY1920,San Joaquin,Grievance and Appeal Timely Resolution Notice,0
FY1920,San Joaquin,All,1487
FY1920,San Luis Obispo,Denial Notice,75
FY1920,San Luis Obispo,Payment Denial Notice,155
FY1920,San Luis Obispo,Delivery System Notice,246
FY1920,San Luis Obispo,Modification Notice,0
FY1920,San Luis Obispo,Termination Notice,221
FY1920,San Luis Obispo,Authorization Delay Notice,6
FY1920,San Luis Obispo,Timely Access Notice,205
FY1920,San Luis Obispo,Financial Liability Notice,0
FY1920,San Luis Obispo,Grievance and Appeal Timely Resolution Notice,21
FY1920,San Luis Obispo,All,929
FY1920,San Mateo,Denial Notice,12
FY1920,San Mateo,Payment Denial Notice,19
FY1920,San Mateo,Delivery System Notice,0
FY1920,San Mateo,Modification Notice,19
FY1920,San Mateo,Termination Notice,165
FY1920,San Mateo,Authorization Delay Notice,1
FY1920,San Mateo,Timely Access Notice,0
FY1920,San Mateo,Financial Liability Notice,0
FY1920,San Mateo,Grievance and Appeal Timely Resolution Notice,0
FY1920,San Mateo,All,216
FY1920,Santa Barbara,Denial Notice,129
FY1920,Santa Barbara,Payment Denial Notice,344
FY1920,Santa Barbara,Delivery System Notice,202
FY1920,Santa Barbara,Modification Notice,1
FY1920,Santa Barbara,Termination Notice,38
FY1920,Santa Barbara,Authorization Delay Notice,0
FY1920,Santa Barbara,Timely Access Notice,23
FY1920,Santa Barbara,Financial Liability Notice,1
FY1920,Santa Barbara,Grievance and Appeal Timely Resolution Notice,0
FY1920,Santa Barbara,All,738
FY1920,Santa Clara,Denial Notice,1
FY1920,Santa Clara,Payment Denial Notice,243
FY1920,Santa Clara,Delivery System Notice,0
FY1920,Santa Clara,Modification Notice,0
FY1920,Santa Clara,Termination Notice,0
FY1920,Santa Clara,Authorization Delay Notice,0
FY1920,Santa Clara,Timely Access Notice,1408
FY1920,Santa Clara,Financial Liability Notice,0
FY1920,Santa Clara,Grievance and Appeal Timely Resolution Notice,0
FY1920,Santa Clara,All,1652
FY1920,Santa Cruz,Denial Notice,6
FY1920,Santa Cruz,Payment Denial Notice,58
FY1920,Santa Cruz,Delivery System Notice,46
FY1920,Santa Cruz,Modification Notice,5
FY1920,Santa Cruz,Termination Notice,315
FY1920,Santa Cruz,Authorization Delay Notice,0
FY1920,Santa Cruz,Timely Access Notice,127
FY1920,Santa Cruz,Financial Liability Notice,0
FY1920,Santa Cruz,Grievance and Appeal Timely Resolution Notice,0
FY1920,Santa Cruz,All,557
FY1920,Shasta,Denial Notice,0
FY1920,Shasta,Payment Denial Notice,26
FY1920,Shasta,Delivery System Notice,90
FY1920,Shasta,Modification Notice,2
FY1920,Shasta,Termination Notice,155
FY1920,Shasta,Authorization Delay Notice,0
FY1920,Shasta,Timely Access Notice,0
FY1920,Shasta,Financial Liability Notice,0
FY1920,Shasta,Grievance and Appeal Timely Resolution Notice,0
FY1920,Shasta,All,273
FY1920,Siskiyou,Denial Notice,26
FY1920,Siskiyou,Payment Denial Notice,24
FY1920,Siskiyou,Delivery System Notice,84
FY1920,Siskiyou,Modification Notice,22
FY1920,Siskiyou,Termination Notice,29
FY1920,Siskiyou,Authorization Delay Notice,1
FY1920,Siskiyou,Timely Access Notice,41
FY1920,Siskiyou,Financial Liability Notice,0
FY1920,Siskiyou,Grievance and Appeal Timely Resolution Notice,0
FY1920,Siskiyou,All,227
FY1920,Solano,Denial Notice,84
FY1920,Solano,Payment Denial Notice,74
FY1920,Solano,Delivery System Notice,149
FY1920,Solano,Modification Notice,4
FY1920,Solano,Termination Notice,1092
FY1920,Solano,Authorization Delay Notice,0
FY1920,Solano,Timely Access Notice,36
FY1920,Solano,Financial Liability Notice,0
FY1920,Solano,Grievance and Appeal Timely Resolution Notice,0
FY1920,Solano,All,1439
FY1920,Sonoma,Denial Notice,56
FY1920,Sonoma,Payment Denial Notice,164
FY1920,Sonoma,Delivery System Notice,34
FY1920,Sonoma,Modification Notice,2
FY1920,Sonoma,Termination Notice,2
FY1920,Sonoma,Authorization Delay Notice,98
FY1920,Sonoma,Timely Access Notice,83
FY1920,Sonoma,Financial Liability Notice,0
FY1920,Sonoma,Grievance and Appeal Timely Resolution Notice,1
FY1920,Sonoma,All,440
FY1920,Stanislaus,Denial Notice,101
FY1920,Stanislaus,Payment Denial Notice,1179
FY1920,Stanislaus,Delivery System Notice,532
FY1920,Stanislaus,Modification Notice,3
FY1920,Stanislaus,Termination Notice,310
FY1920,Stanislaus,Authorization Delay Notice,289
FY1920,Stanislaus,Timely Access Notice,138
FY1920,Stanislaus,Financial Liability Notice,0
FY1920,Stanislaus,Grievance and Appeal Timely Resolution Notice,0
FY1920,Stanislaus,All,2552
FY1920,Sutter-Yuba,Denial Notice,8
FY1920,Sutter-Yuba,Payment Denial Notice,59
FY1920,Sutter-Yuba,Delivery System Notice,539
FY1920,Sutter-Yuba,Modification Notice,0
FY1920,Sutter-Yuba,Termination Notice,737
FY1920,Sutter-Yuba,Authorization Delay Notice,1
FY1920,Sutter-Yuba,Timely Access Notice,554
FY1920,Sutter-Yuba,Financial Liability Notice,0
FY1920,Sutter-Yuba,Grievance and Appeal Timely Resolution Notice,5
FY1920,Sutter-Yuba,All,1903
FY1920,Tehama,Denial Notice,85
FY1920,Tehama,Payment Denial Notice,0
FY1920,Tehama,Delivery System Notice,102
FY1920,Tehama,Modification Notice,0
FY1920,Tehama,Termination Notice,2
FY1920,Tehama,Authorization Delay Notice,0
FY1920,Tehama,Timely Access Notice,116
FY1920,Tehama,Financial Liability Notice,2
FY1920,Tehama,Grievance and Appeal Timely Resolution Notice,0
FY1920,Tehama,All,307
FY1920,Trinity,Denial Notice,5
FY1920,Trinity,Payment Denial Notice,0
FY1920,Trinity,Delivery System Notice,0
FY1920,Trinity,Modification Notice,0
FY1920,Trinity,Termination Notice,36
FY1920,Trinity,Authorization Delay Notice,0
FY1920,Trinity,Timely Access Notice,0
FY1920,Trinity,Financial Liability Notice,0
FY1920,Trinity,Grievance and Appeal Timely Resolution Notice,0
FY1920,Trinity,All,41
FY1920,Tulare,Denial Notice,81
FY1920,Tulare,Payment Denial Notice,12
FY1920,Tulare,Delivery System Notice,555
FY1920,Tulare,Modification Notice,0
FY1920,Tulare,Termination Notice,1372
FY1920,Tulare,Authorization Delay Notice,0
FY1920,Tulare,Timely Access Notice,44
FY1920,Tulare,Financial Liability Notice,0
FY1920,Tulare,Grievance and Appeal Timely Resolution Notice,0
FY1920,Tulare,All,2064
FY1920,Tuolumne,Denial Notice,0
FY1920,Tuolumne,Payment Denial Notice,10
FY1920,Tuolumne,Delivery System Notice,44
FY1920,Tuolumne,Modification Notice,0
FY1920,Tuolumne,Termination Notice,9
FY1920,Tuolumne,Authorization Delay Notice,0
FY1920,Tuolumne,Timely Access Notice,117
FY1920,Tuolumne,Financial Liability Notice,0
FY1920,Tuolumne,Grievance and Appeal Timely Resolution Notice,0
FY1920,Tuolumne,All,180
FY1920,Ventura,Denial Notice,143
FY1920,Ventura,Payment Denial Notice,167
FY1920,Ventura,Delivery System Notice,320
FY1920,Ventura,Modification Notice,0
FY1920,Ventura,Termination Notice,494
FY1920,Ventura,Authorization Delay Notice,0
FY1920,Ventura,Timely Access Notice,251
FY1920,Ventura,Financial Liability Notice,0
FY1920,Ventura,Grievance and Appeal Timely Resolution Notice,1
FY1920,Ventura,All,1376
FY1920,Yolo,Denial Notice,0
FY1920,Yolo,Payment Denial Notice,49
FY1920,Yolo,Delivery System Notice,306
FY1920,Yolo,Modification Notice,27
FY1920,Yolo,Termination Notice,3
FY1920,Yolo,Authorization Delay Notice,0
FY1920,Yolo,Timely Access Notice,0
FY1920,Yolo,Financial Liability Notice,0
FY1920,Yolo,Grievance and Appeal Timely Resolution Notice,0
FY1920,Yolo,All,385
FY1819,State,Denial Notice,7603
FY1819,State,Payment Denial Notice,10214
FY1819,State,Delivery System Notice,9578
FY1819,State,Modification Notice,304
FY1819,State,Termination Notice,11775
FY1819,State,Authorization Delay Notice,62
FY1819,State,Timely Access Notice,13013
FY1819,State,Financial Liability Notice,8
FY1819,State,Grievance and Appeal Timely Resolution Notice,26
FY1819,State,All,52583
FY1819,Alameda,Denial Notice,18
FY1819,Alameda,Payment Denial Notice,1364
FY1819,Alameda,Delivery System Notice,0
FY1819,Alameda,Modification Notice,0
FY1819,Alameda,Termination Notice,0
FY1819,Alameda,Authorization Delay Notice,0
FY1819,Alameda,Timely Access Notice,0
FY1819,Alameda,Financial Liability Notice,0
FY1819,Alameda,Grievance and Appeal Timely Resolution Notice,0
FY1819,Alameda,All,1382
FY1819,Alpine,Denial Notice,2
FY1819,Alpine,Payment Denial Notice,0
FY1819,Alpine,Delivery System Notice,0
FY1819,Alpine,Modification Notice,0
FY1819,Alpine,Termination Notice,0
FY1819,Alpine,Authorization Delay Notice,0
FY1819,Alpine,Timely Access Notice,0
FY1819,Alpine,Financial Liability Notice,0
FY1819,Alpine,Grievance and Appeal Timely Resolution Notice,0
FY1819,Alpine,All,2
FY1819,Amador,Denial Notice,47
FY1819,Amador,Payment Denial Notice,0
FY1819,Amador,Delivery System Notice,3
FY1819,Amador,Modification Notice,0
FY1819,Amador,Termination Notice,0
FY1819,Amador,Authorization Delay Notice,0
FY1819,Amador,Timely Access Notice,19
FY1819,Amador,Financial Liability Notice,0
FY1819,Amador,Grievance and Appeal Timely Resolution Notice,0
FY1819,Amador,All,69
FY1819,Butte,Denial Notice,0
FY1819,Butte,Payment Denial Notice,12
FY1819,Butte,Delivery System Notice,442
FY1819,Butte,Modification Notice,0
FY1819,Butte,Termination Notice,0
FY1819,Butte,Authorization Delay Notice,0
FY1819,Butte,Timely Access Notice,27
FY1819,Butte,Financial Liability Notice,0
FY1819,Butte,Grievance and Appeal Timely Resolution Notice,1
FY1819,Butte,All,482
FY1819,Calaveras,Denial Notice,1
FY1819,Calaveras,Payment Denial Notice,0
FY1819,Calaveras,Delivery System Notice,25
FY1819,Calaveras,Modification Notice,0
FY1819,Calaveras,Termination Notice,2
FY1819,Calaveras,Authorization Delay Notice,0
FY1819,Calaveras,Timely Access Notice,0
FY1819,Calaveras,Financial Liability Notice,0
FY1819,Calaveras,Grievance and Appeal Timely Resolution Notice,0
FY1819,Calaveras,All,28
FY1819,Colusa,Denial Notice,18
FY1819,Colusa,Payment Denial Notice,0
FY1819,Colusa,Delivery System Notice,18
FY1819,Colusa,Modification Notice,4
FY1819,Colusa,Termination Notice,0
FY1819,Colusa,Authorization Delay Notice,0
FY1819,Colusa,Timely Access Notice,68
FY1819,Colusa,Financial Liability Notice,0
FY1819,Colusa,Grievance and Appeal Timely Resolution Notice,0
FY1819,Colusa,All,108
FY1819,Contra Costa,Denial Notice,14
FY1819,Contra Costa,Payment Denial Notice,9
FY1819,Contra Costa,Delivery System Notice,9
FY1819,Contra Costa,Modification Notice,2
FY1819,Contra Costa,Termination Notice,0
FY1819,Contra Costa,Authorization Delay Notice,2
FY1819,Contra Costa,Timely Access Notice,339
FY1819,Contra Costa,Financial Liability Notice,0
FY1819,Contra Costa,Grievance and Appeal Timely Resolution Notice,0
FY1819,Contra Costa,All,375
FY1819,Del Norte,Denial Notice,10
FY1819,Del Norte,Payment Denial Notice,1
FY1819,Del Norte,Delivery System Notice,0
FY1819,Del Norte,Modification Notice,0
FY1819,Del Norte,Termination Notice,0
FY1819,Del Norte,Authorization Delay Notice,0
FY1819,Del Norte,Timely Access Notice,44
FY1819,Del Norte,Financial Liability Notice,0
FY1819,Del Norte,Grievance and Appeal Timely Resolution Notice,0
FY1819,Del Norte,All,55
FY1819,El Dorado,Denial Notice,2
FY1819,El Dorado,Payment Denial Notice,4
FY1819,El Dorado,Delivery System Notice,276
FY1819,El Dorado,Modification Notice,0
FY1819,El Dorado,Termination Notice,21
FY1819,El Dorado,Authorization Delay Notice,0
FY1819,El Dorado,Timely Access Notice,11
FY1819,El Dorado,Financial Liability Notice,0
FY1819,El Dorado,Grievance and Appeal Timely Resolution Notice,0
FY1819,El Dorado,All,314
FY1819,Fresno,Denial Notice,706
FY1819,Fresno,Payment Denial Notice,44
FY1819,Fresno,Delivery System Notice,0
FY1819,Fresno,Modification Notice,36
FY1819,Fresno,Termination Notice,0
FY1819,Fresno,Authorization Delay Notice,0
FY1819,Fresno,Timely Access Notice,412
FY1819,Fresno,Financial Liability Notice,0
FY1819,Fresno,Grievance and Appeal Timely Resolution Notice,0
FY1819,Fresno,All,1198
FY1819,Glenn,Denial Notice,0
FY1819,Glenn,Payment Denial Notice,0
FY1819,Glenn,Delivery System Notice,82
FY1819,Glenn,Modification Notice,1
FY1819,Glenn,Termination Notice,2
FY1819,Glenn,Authorization Delay Notice,0
FY1819,Glenn,Timely Access Notice,10
FY1819,Glenn,Financial Liability Notice,0
FY1819,Glenn,Grievance and Appeal Timely Resolution Notice,0
FY1819,Glenn,All,95
FY1819,Humboldt,Denial Notice,4
FY1819,Humboldt,Payment Denial Notice,186
FY1819,Humboldt,Delivery System Notice,10
FY1819,Humboldt,Modification Notice,1
FY1819,Humboldt,Termination Notice,63
FY1819,Humboldt,Authorization Delay Notice,0
FY1819,Humboldt,Timely Access Notice,6
FY1819,Humboldt,Financial Liability Notice,0
FY1819,Humboldt,Grievance and Appeal Timely Resolution Notice,3
FY1819,Humboldt,All,273
FY1819,Imperial,Denial Notice,0
FY1819,Imperial,Payment Denial Notice,19
FY1819,Imperial,Delivery System Notice,525
FY1819,Imperial,Modification Notice,11
FY1819,Imperial,Termination Notice,3287
FY1819,Imperial,Authorization Delay Notice,0
FY1819,Imperial,Timely Access Notice,1
FY1819,Imperial,Financial Liability Notice,0
FY1819,Imperial,Grievance and Appeal Timely Resolution Notice,0
FY1819,Imperial,All,3843
FY1819,Inyo,Denial Notice,0
FY1819,Inyo,Payment Denial Notice,0
FY1819,Inyo,Delivery System Notice,0
FY1819,Inyo,Modification Notice,0
FY1819,Inyo,Termination Notice,0
FY1819,Inyo,Authorization Delay Notice,0
FY1819,Inyo,Timely Access Notice,0
FY1819,Inyo,Financial Liability Notice,0
FY1819,Inyo,Grievance and Appeal Timely Resolution Notice,0
FY1819,Inyo,All,0
FY1819,Kern,Denial Notice,287
FY1819,Kern,Payment Denial Notice,1
FY1819,Kern,Delivery System Notice,485
FY1819,Kern,Modification Notice,33
FY1819,Kern,Termination Notice,11
FY1819,Kern,Authorization Delay Notice,11
FY1819,Kern,Timely Access Notice,825
FY1819,Kern,Financial Liability Notice,2
FY1819,Kern,Grievance and Appeal Timely Resolution Notice,0
FY1819,Kern,All,1655
FY1819,Kings,Denial Notice,464
FY1819,Kings,Payment Denial Notice,0
FY1819,Kings,Delivery System Notice,0
FY1819,Kings,Modification Notice,0
FY1819,Kings,Termination Notice,0
FY1819,Kings,Authorization Delay Notice,0
FY1819,Kings,Timely Access Notice,0
FY1819,Kings,Financial Liability Notice,0
FY1819,Kings,Grievance and Appeal Timely Resolution Notice,0
FY1819,Kings,All,464
FY1819,Lake,Denial Notice,0
FY1819,Lake,Payment Denial Notice,9
FY1819,Lake,Delivery System Notice,1
FY1819,Lake,Modification Notice,0
FY1819,Lake,Termination Notice,4
FY1819,Lake,Authorization Delay Notice,0
FY1819,Lake,Timely Access Notice,21
FY1819,Lake,Financial Liability Notice,0
FY1819,Lake,Grievance and Appeal Timely Resolution Notice,0
FY1819,Lake,All,35
FY1819,Lassen,Denial Notice,0
FY1819,Lassen,Payment Denial Notice,0
FY1819,Lassen,Delivery System Notice,19
FY1819,Lassen,Modification Notice,1
FY1819,Lassen,Termination Notice,0
FY1819,Lassen,Authorization Delay Notice,0
FY1819,Lassen,Timely Access Notice,0
FY1819,Lassen,Financial Liability Notice,0
FY1819,Lassen,Grievance and Appeal Timely Resolution Notice,0
FY1819,Lassen,All,20
FY1819,Los Angeles,Denial Notice,2579
FY1819,Los Angeles,Payment Denial Notice,1595
FY1819,Los Angeles,Delivery System Notice,194
FY1819,Los Angeles,Modification Notice,16
FY1819,Los Angeles,Termination Notice,0
FY1819,Los Angeles,Authorization Delay Notice,0
FY1819,Los Angeles,Timely Access Notice,5632
FY1819,Los Angeles,Financial Liability Notice,0
FY1819,Los Angeles,Grievance and Appeal Timely Resolution Notice,0
FY1819,Los Angeles,All,10016
FY1819,Madera,Denial Notice,0
FY1819,Madera,Payment Denial Notice,42
FY1819,Madera,Delivery System Notice,521
FY1819,Madera,Modification Notice,0
FY1819,Madera,Termination Notice,235
FY1819,Madera,Authorization Delay Notice,0
FY1819,Madera,Timely Access Notice,201
FY1819,Madera,Financial Liability Notice,0
FY1819,Madera,Grievance and Appeal Timely Resolution Notice,0
FY1819,Madera,All,999
FY1819,Marin,Denial Notice,79
FY1819,Marin,Payment Denial Notice,77
FY1819,Marin,Delivery System Notice,0
FY1819,Marin,Modification Notice,0
FY1819,Marin,Termination Notice,0
FY1819,Marin,Authorization Delay Notice,6
FY1819,Marin,Timely Access Notice,0
FY1819,Marin,Financial Liability Notice,0
FY1819,Marin,Grievance and Appeal Timely Resolution Notice,0
FY1819,Marin,All,162
FY1819,Mariposa,Denial Notice,0
FY1819,Mariposa,Payment Denial Notice,4
FY1819,Mariposa,Delivery System Notice,33
FY1819,Mariposa,Modification Notice,0
FY1819,Mariposa,Termination Notice,457
FY1819,Mariposa,Authorization Delay Notice,7
FY1819,Mariposa,Timely Access Notice,170
FY1819,Mariposa,Financial Liability Notice,0
FY1819,Mariposa,Grievance and Appeal Timely Resolution Notice,0
FY1819,Mariposa,All,671
FY1819,Mendocino,Denial Notice,0
FY1819,Mendocino,Payment Denial Notice,44
FY1819,Mendocino,Delivery System Notice,0
FY1819,Mendocino,Modification Notice,0
FY1819,Mendocino,Termination Notice,0
FY1819,Mendocino,Authorization Delay Notice,0
FY1819,Mendocino,Timely Access Notice,0
FY1819,Mendocino,Financial Liability Notice,0
FY1819,Mendocino,Grievance and Appeal Timely Resolution Notice,0
FY1819,Mendocino,All,44
FY1819,Merced,Denial Notice,2
FY1819,Merced,Payment Denial Notice,216
FY1819,Merced,Delivery System Notice,179
FY1819,Merced,Modification Notice,1
FY1819,Merced,Termination Notice,1279
FY1819,Merced,Authorization Delay Notice,2
FY1819,Merced,Timely Access Notice,85
FY1819,Merced,Financial Liability Notice,0
FY1819,Merced,Grievance and Appeal Timely Resolution Notice,0
FY1819,Merced,All,1764
FY1819,Modoc,Denial Notice,25
FY1819,Modoc,Payment Denial Notice,0
FY1819,Modoc,Delivery System Notice,0
FY1819,Modoc,Modification Notice,0
FY1819,Modoc,Termination Notice,0
FY1819,Modoc,Authorization Delay Notice,0
FY1819,Modoc,Timely Access Notice,0
FY1819,Modoc,Financial Liability Notice,0
FY1819,Modoc,Grievance and Appeal Timely Resolution Notice,0
FY1819,Modoc,All,25
FY1819,Mono,Denial Notice,0
FY1819,Mono,Payment Denial Notice,0
FY1819,Mono,Delivery System Notice,0
FY1819,Mono,Modification Notice,0
FY1819,Mono,Termination Notice,0
FY1819,Mono,Authorization Delay Notice,0
FY1819,Mono,Timely Access Notice,0
FY1819,Mono,Financial Liability Notice,0
FY1819,Mono,Grievance and Appeal Timely Resolution Notice,0
FY1819,Mono,All,0
FY1819,Monterey,Denial Notice,164
FY1819,Monterey,Payment Denial Notice,81
FY1819,Monterey,Delivery System Notice,756
FY1819,Monterey,Modification Notice,7
FY1819,Monterey,Termination Notice,19
FY1819,Monterey,Authorization Delay Notice,2
FY1819,Monterey,Timely Access Notice,0
FY1819,Monterey,Financial Liability Notice,0
FY1819,Monterey,Grievance and Appeal Timely Resolution Notice,0
FY1819,Monterey,All,1029
FY1819,Napa,Denial Notice,220
FY1819,Napa,Payment Denial Notice,4
FY1819,Napa,Delivery System Notice,1
FY1819,Napa,Modification Notice,0
FY1819,Napa,Termination Notice,0
FY1819,Napa,Authorization Delay Notice,0
FY1819,Napa,Timely Access Notice,0
FY1819,Napa,Financial Liability Notice,0
FY1819,Napa,Grievance and Appeal Timely Resolution Notice,0
FY1819,Napa,All,225
FY1819,Nevada,Denial Notice,34
FY1819,Nevada,Payment Denial Notice,2
FY1819,Nevada,Delivery System Notice,200
FY1819,Nevada,Modification Notice,0
FY1819,Nevada,Termination Notice,2
FY1819,Nevada,Authorization Delay Notice,0
FY1819,Nevada,Timely Access Notice,9
FY1819,Nevada,Financial Liability Notice,0
FY1819,Nevada,Grievance and Appeal Timely Resolution Notice,0
FY1819,Nevada,All,247
FY1819,Orange,Denial Notice,0
FY1819,Orange,Payment Denial Notice,303
FY1819,Orange,Delivery System Notice,935
FY1819,Orange,Modification Notice,0
FY1819,Orange,Termination Notice,2520
FY1819,Orange,Authorization Delay Notice,0
FY1819,Orange,Timely Access Notice,0
FY1819,Orange,Financial Liability Notice,1
FY1819,Orange,Grievance and Appeal Timely Resolution Notice,6
FY1819,Orange,All,3765
FY1819,Placer-Sierra,Denial Notice,0
FY1819,Placer-Sierra,Payment Denial Notice,0
FY1819,Placer-Sierra,Delivery System Notice,0
FY1819,Placer-Sierra,Modification Notice,0
FY1819,Placer-Sierra,Termination Notice,108
FY1819,Placer-Sierra,Authorization Delay Notice,0
FY1819,Placer-Sierra,Timely Access Notice,11
FY1819,Placer-Sierra,Financial Liability Notice,0
FY1819,Placer-Sierra,Grievance and Appeal Timely Resolution Notice,0
FY1819,Placer-Sierra,All,119
FY1819,Plumas,Denial Notice,3
FY1819,Plumas,Payment Denial Notice,0
FY1819,Plumas,Delivery System Notice,68
FY1819,Plumas,Modification Notice,2
FY1819,Plumas,Termination Notice,19
FY1819,Plumas,Authorization Delay Notice,0
FY1819,Plumas,Timely Access Notice,46
FY1819,Plumas,Financial Liability Notice,0
FY1819,Plumas,Grievance and Appeal Timely Resolution Notice,0
FY1819,Plumas,All,138
FY1819,Riverside,Denial Notice,11
FY1819,Riverside,Payment Denial Notice,7
FY1819,Riverside,Delivery System Notice,0
FY1819,Riverside,Modification Notice,0
FY1819,Riverside,Termination Notice,1
FY1819,Riverside,Authorization Delay Notice,11
FY1819,Riverside,Timely Access Notice,0
FY1819,Riverside,Financial Liability Notice,0
FY1819,Riverside,Grievance and Appeal Timely Resolution Notice,0
FY1819,Riverside,All,30
FY1819,Sacramento,Denial Notice,931
FY1819,Sacramento,Payment Denial Notice,0
FY1819,Sacramento,Delivery System Notice,0
FY1819,Sacramento,Modification Notice,16
FY1819,Sacramento,Termination Notice,0
FY1819,Sacramento,Authorization Delay Notice,0
FY1819,Sacramento,Timely Access Notice,1
FY1819,Sacramento,Financial Liability Notice,0
FY1819,Sacramento,Grievance and Appeal Timely Resolution Notice,3
FY1819,Sacramento,All,951
FY1819,San Benito,Denial Notice,155
FY1819,San Benito,Payment Denial Notice,7
FY1819,San Benito,Delivery System Notice,29
FY1819,San Benito,Modification Notice,0
FY1819,San Benito,Termination Notice,426
FY1819,San Benito,Authorization Delay Notice,0
FY1819,San Benito,Timely Access Notice,0
FY1819,San Benito,Financial Liability Notice,0
FY1819,San Benito,Grievance and Appeal Timely Resolution Notice,0
FY1819,San Benito,All,617
FY1819,San Bernardino,Denial Notice,0
FY1819,San Bernardino,Payment Denial Notice,2395
FY1819,San Bernardino,Delivery System Notice,775
FY1819,San Bernardino,Modification Notice,131
FY1819,San Bernardino,Termination Notice,0
FY1819,San Bernardino,Authorization Delay Notice,0
FY1819,San Bernardino,Timely Access Notice,1289
FY1819,San Bernardino,Financial Liability Notice,0
FY1819,San Bernardino,Grievance and Appeal Timely Resolution Notice,0
FY1819,San Bernardino,All,4590
FY1819,San Diego,Denial Notice,281
FY1819,San Diego,Payment Denial Notice,1314
FY1819,San Diego,Delivery System Notice,30
FY1819,San Diego,Modification Notice,0
FY1819,San Diego,Termination Notice,6
FY1819,San Diego,Authorization Delay Notice,0
FY1819,San Diego,Timely Access Notice,97
FY1819,San Diego,Financial Liability Notice,0
FY1819,San Diego,Grievance and Appeal Timely Resolution Notice,0
FY1819,San Diego,All,1728
FY1819,San Francisco,Denial Notice,25
FY1819,San Francisco,Payment Denial Notice,116
FY1819,San Francisco,Delivery System Notice,10
FY1819,San Francisco,Modification Notice,1
FY1819,San Francisco,Termination Notice,2
FY1819,San Francisco,Authorization Delay Notice,0
FY1819,San Francisco,Timely Access Notice,0
FY1819,San Francisco,Financial Liability Notice,0
FY1819,San Francisco,Grievance and Appeal Timely Resolution Notice,1
FY1819,San Francisco,All,155
FY1819,San Joaquin,Denial Notice,9
FY1819,San Joaquin,Payment Denial Notice,58
FY1819,San Joaquin,Delivery System Notice,547
FY1819,San Joaquin,Modification Notice,0
FY1819,San Joaquin,Termination Notice,0
FY1819,San Joaquin,Authorization Delay Notice,0
FY1819,San Joaquin,Timely Access Notice,261
FY1819,San Joaquin,Financial Liability Notice,0
FY1819,San Joaquin,Grievance and Appeal Timely Resolution Notice,2
FY1819,San Joaquin,All,877
FY1819,San Luis Obispo,Denial Notice,101
FY1819,San Luis Obispo,Payment Denial Notice,172
FY1819,San Luis Obispo,Delivery System Notice,240
FY1819,San Luis Obispo,Modification Notice,0
FY1819,San Luis Obispo,Termination Notice,21
FY1819,San Luis Obispo,Authorization Delay Notice,0
FY1819,San Luis Obispo,Timely Access Notice,303
FY1819,San Luis Obispo,Financial Liability Notice,0
FY1819,San Luis Obispo,Grievance and Appeal Timely Resolution Notice,9
FY1819,San Luis Obispo,All,846
FY1819,San Mateo,Denial Notice,0
FY1819,San Mateo,Payment Denial Notice,4
FY1819,San Mateo,Delivery System Notice,0
FY1819,San Mateo,Modification Notice,0
FY1819,San Mateo,Termination Notice,358
FY1819,San Mateo,Authorization Delay Notice,2
FY1819,San Mateo,Timely Access Notice,0
FY1819,San Mateo,Financial Liability Notice,0
FY1819,San Mateo,Grievance and Appeal Timely Resolution Notice,0
FY1819,San Mateo,All,364
FY1819,Santa Barbara,Denial Notice,57
FY1819,Santa Barbara,Payment Denial Notice,273
FY1819,Santa Barbara,Delivery System Notice,181
FY1819,Santa Barbara,Modification Notice,0
FY1819,Santa Barbara,Termination Notice,20
FY1819,Santa Barbara,Authorization Delay Notice,0
FY1819,Santa Barbara,Timely Access Notice,4
FY1819,Santa Barbara,Financial Liability Notice,1
FY1819,Santa Barbara,Grievance and Appeal Timely Resolution Notice,0
FY1819,Santa Barbara,All,536
FY1819,Santa Clara,Denial Notice,4
FY1819,Santa Clara,Payment Denial Notice,297
FY1819,Santa Clara,Delivery System Notice,0
FY1819,Santa Clara,Modification Notice,14
FY1819,Santa Clara,Termination Notice,0
FY1819,Santa Clara,Authorization Delay Notice,0
FY1819,Santa Clara,Timely Access Notice,1905
FY1819,Santa Clara,Financial Liability Notice,0
FY1819,Santa Clara,Grievance and Appeal Timely Resolution Notice,0
FY1819,Santa Clara,All,2220
FY1819,Santa Cruz,Denial Notice,4
FY1819,Santa Cruz,Payment Denial Notice,99
FY1819,Santa Cruz,Delivery System Notice,41
FY1819,Santa Cruz,Modification Notice,1
FY1819,Santa Cruz,Termination Notice,108
FY1819,Santa Cruz,Authorization Delay Notice,1
FY1819,Santa Cruz,Timely Access Notice,4
FY1819,Santa Cruz,Financial Liability Notice,0
FY1819,Santa Cruz,Grievance and Appeal Timely Resolution Notice,0
FY1819,Santa Cruz,All,258
FY1819,Shasta,Denial Notice,0
FY1819,Shasta,Payment Denial Notice,12
FY1819,Shasta,Delivery System Notice,71
FY1819,Shasta,Modification Notice,0
FY1819,Shasta,Termination Notice,55
FY1819,Shasta,Authorization Delay Notice,0
FY1819,Shasta,Timely Access Notice,0
FY1819,Shasta,Financial Liability Notice,0
FY1819,Shasta,Grievance and Appeal Timely Resolution Notice,0
FY1819,Shasta,All,138
FY1819,Siskiyou,Denial Notice,0
FY1819,Siskiyou,Payment Denial Notice,24
FY1819,Siskiyou,Delivery System Notice,270
FY1819,Siskiyou,Modification Notice,13
FY1819,Siskiyou,Termination Notice,21
FY1819,Siskiyou,Authorization Delay Notice,0
FY1819,Siskiyou,Timely Access Notice,7
FY1819,Siskiyou,Financial Liability Notice,0
FY1819,Siskiyou,Grievance and Appeal Timely Resolution Notice,1
FY1819,Siskiyou,All,336
FY1819,Solano,Denial Notice,64
FY1819,Solano,Payment Denial Notice,27
FY1819,Solano,Delivery System Notice,61
FY1819,Solano,Modification Notice,6
FY1819,Solano,Termination Notice,541
FY1819,Solano,Authorization Delay Notice,0
FY1819,Solano,Timely Access Notice,23
FY1819,Solano,Financial Liability Notice,0
FY1819,Solano,Grievance and Appeal Timely Resolution Notice,0
FY1819,Solano,All,722
FY1819,Sonoma,Denial Notice,0
FY1819,Sonoma,Payment Denial Notice,127
FY1819,Sonoma,Delivery System Notice,188
FY1819,Sonoma,Modification Notice,1
FY1819,Sonoma,Termination Notice,0
FY1819,Sonoma,Authorization Delay Notice,0
FY1819,Sonoma,Timely Access Notice,445
FY1819,Sonoma,Financial Liability Notice,0
FY1819,Sonoma,Grievance and Appeal Timely Resolution Notice,0
FY1819,Sonoma,All,761
FY1819,Stanislaus,Denial Notice,19
FY1819,Stanislaus,Payment Denial Notice,907
FY1819,Stanislaus,Delivery System Notice,780
FY1819,Stanislaus,Modification Notice,0
FY1819,Stanislaus,Termination Notice,24
FY1819,Stanislaus,Authorization Delay Notice,17
FY1819,Stanislaus,Timely Access Notice,1
FY1819,Stanislaus,Financial Liability Notice,0
FY1819,Stanislaus,Grievance and Appeal Timely Resolution Notice,0
FY1819,Stanislaus,All,1748
FY1819,Sutter-Yuba,Denial Notice,29
FY1819,Sutter-Yuba,Payment Denial Notice,280
FY1819,Sutter-Yuba,Delivery System Notice,552
FY1819,Sutter-Yuba,Modification Notice,0
FY1819,Sutter-Yuba,Termination Notice,1114
FY1819,Sutter-Yuba,Authorization Delay Notice,1
FY1819,Sutter-Yuba,Timely Access Notice,323
FY1819,Sutter-Yuba,Financial Liability Notice,3
FY1819,Sutter-Yuba,Grievance and Appeal Timely Resolution Notice,0
FY1819,Sutter-Yuba,All,2302
FY1819,Tehama,Denial Notice,119
FY1819,Tehama,Payment Denial Notice,1
FY1819,Tehama,Delivery System Notice,17
FY1819,Tehama,Modification Notice,0
FY1819,Tehama,Termination Notice,0
FY1819,Tehama,Authorization Delay Notice,0
FY1819,Tehama,Timely Access Notice,251
FY1819,Tehama,Financial Liability Notice,0
FY1819,Tehama,Grievance and Appeal Timely Resolution Notice,0
FY1819,Tehama,All,388
FY1819,Trinity,Denial Notice,13
FY1819,Trinity,Payment Denial Notice,0
FY1819,Trinity,Delivery System Notice,0
FY1819,Trinity,Modification Notice,0
FY1819,Trinity,Termination Notice,3
FY1819,Trinity,Authorization Delay Notice,0
FY1819,Trinity,Timely Access Notice,0
FY1819,Trinity,Financial Liability Notice,0
FY1819,Trinity,Grievance and Appeal Timely Resolution Notice,0
FY1819,Trinity,All,16
FY1819,Tulare,Denial Notice,492
FY1819,Tulare,Payment Denial Notice,10
FY1819,Tulare,Delivery System Notice,744
FY1819,Tulare,Modification Notice,1
FY1819,Tulare,Termination Notice,1034
FY1819,Tulare,Authorization Delay Notice,0
FY1819,Tulare,Timely Access Notice,9
FY1819,Tulare,Financial Liability Notice,0
FY1819,Tulare,Grievance and Appeal Timely Resolution Notice,0
FY1819,Tulare,All,2290
FY1819,Tuolumne,Denial Notice,5
FY1819,Tuolumne,Payment Denial Notice,0
FY1819,Tuolumne,Delivery System Notice,26
FY1819,Tuolumne,Modification Notice,0
FY1819,Tuolumne,Termination Notice,12
FY1819,Tuolumne,Authorization Delay Notice,0
FY1819,Tuolumne,Timely Access Notice,118
FY1819,Tuolumne,Financial Liability Notice,0
FY1819,Tuolumne,Grievance and Appeal Timely Resolution Notice,0
FY1819,Tuolumne,All,161
FY1819,Ventura,Denial Notice,605
FY1819,Ventura,Payment Denial Notice,41
FY1819,Ventura,Delivery System Notice,68
FY1819,Ventura,Modification Notice,0
FY1819,Ventura,Termination Notice,0
FY1819,Ventura,Authorization Delay Notice,0
FY1819,Ventura,Timely Access Notice,35
FY1819,Ventura,Financial Liability Notice,0
FY1819,Ventura,Grievance and Appeal Timely Resolution Notice,0
FY1819,Ventura,All,749
FY1819,Yolo,Denial Notice,0
FY1819,Yolo,Payment Denial Notice,26
FY1819,Yolo,Delivery System Notice,166
FY1819,Yolo,Modification Notice,5
FY1819,Yolo,Termination Notice,0
FY1819,Yolo,Authorization Delay Notice,0
FY1819,Yolo,Timely Access Notice,0
FY1819,Yolo,Financial Liability Notice,1
FY1819,Yolo,Grievance and Appeal Timely Resolution Notice,0
FY1819,Yolo,All,198
